sector,HHI
Banking,9151.7452
IT,6804.3843
Pharma,6227.4173
Automobile,4248.9121
Utilities,3889.6838
FMCG,3158.2919
Diversified,2788.3301
Telecom,2370.3074
Infrastructure,2230.5678000000003
Consumer Goods,1980.4890999999998
NBFC,1517.5881
Energy,1223.2863
Cement,1139.0935
Paints,959.1208
